# UTM_X, UTM_Y, Knickpoint_elevation_m
6.657415305115599185e+05,4.197209687062189914e+06,8.192018890380859375e+01
6.654215305115599185e+05,4.197609687062189914e+06,5.558494186401367188e+01
6.714715305115599185e+05,4.200759687062189914e+06,3.602579879760742188e+01
6.714615305115599185e+05,4.200829687062189914e+06,3.358102035522460938e+01
6.754615305115599185e+05,4.199749687062189914e+06,6.806826019287109375e+01
6.753515305115599185e+05,4.199639687062189914e+06,6.256479644775390625e+01
6.787715305115599185e+05,4.201839687062189914e+06,1.434924316406250000e+02
6.787515305115599185e+05,4.201569687062189914e+06,1.268330764770507812e+02
6.884915305115599185e+05,4.204519687062189914e+06,3.954285888671875000e+02
6.889215305115599185e+05,4.204689687062189914e+06,3.219410095214843750e+02
6.882215305115599185e+05,4.206409687062189914e+06,3.511137695312500000e+02
6.903215305115599185e+05,4.206749687062189914e+06,2.371655273437500000e+02
6.911915305115599185e+05,4.206379687062189914e+06,1.749320983886718750e+02
6.915915305115599185e+05,4.205279687062189914e+06,1.181881790161132812e+02
6.783415305115599185e+05,4.205119687062189914e+06,2.476160736083984375e+02
6.781115305115599185e+05,4.204999687062189914e+06,2.291360321044921875e+02
6.813715305115599185e+05,4.204899687062189914e+06,4.359502868652343750e+02
6.814015305115599185e+05,4.204109687062189914e+06,3.655640563964843750e+02
7.012515305115599185e+05,4.205529687062189914e+06,8.326071166992187500e+01
7.010715305115599185e+05,4.205419687062189914e+06,2.705983352661132812e+01
7.007315305115599185e+05,4.206039687062189914e+06,1.833707580566406250e+02
7.008115305115599185e+05,4.205699687062189914e+06,8.080771636962890625e+01
6.822015305115599185e+05,4.205759687062189914e+06,5.103965454101562500e+02
6.821615305115599185e+05,4.205239687062189914e+06,4.082449340820312500e+02
6.971815305115599185e+05,4.206079687062189914e+06,3.297474365234375000e+02
6.972515305115599185e+05,4.205919687062189914e+06,2.266130676269531250e+02
6.984915305115599185e+05,4.206059687062189914e+06,2.389525604248046875e+02
6.984615305115599185e+05,4.205759687062189914e+06,7.467721557617187500e+01
6.955615305115599185e+05,4.206909687062189914e+06,3.065300292968750000e+02
6.954815305115599185e+05,4.206489687062189914e+06,2.171569976806640625e+02
6.779015305115599185e+05,4.207519687062189914e+06,5.020227050781250000e+02
6.782515305115599185e+05,4.207169687062189914e+06,4.175204467773437500e+02
6.780615305115599185e+05,4.206529687062189914e+06,3.329408264160156250e+02
6.750915305115599185e+05,4.207009687062189914e+06,7.496398925781250000e+02
6.749115305115599185e+05,4.206839687062189914e+06,6.497368774414062500e+02
6.746615305115599185e+05,4.206209687062189914e+06,3.830057067871093750e+02
6.746715305115599185e+05,4.205939687062189914e+06,2.665532836914062500e+02
6.767815305115599185e+05,4.207739687062189914e+06,8.073297119140625000e+02
6.773115305115599185e+05,4.207989687062189914e+06,6.190709228515625000e+02
6.779615305115599185e+05,4.207539687062189914e+06,4.887295532226562500e+02
6.971715305115599185e+05,4.208689687062189914e+06,3.885721740722656250e+02
6.981115305115599185e+05,4.209849687062189914e+06,2.583838806152343750e+02
6.819715305115599185e+05,4.206789687062189914e+06,6.085549926757812500e+02
6.819315305115599185e+05,4.206009687062189914e+06,5.269268798828125000e+02
6.950415305115599185e+05,4.207469687062189914e+06,5.746703491210937500e+02
6.955215305115599185e+05,4.207439687062189914e+06,3.739214172363281250e+02
6.765715305115599185e+05,4.207979687062189914e+06,8.327102050781250000e+02
6.768115305115599185e+05,4.207999687062189914e+06,7.443490600585937500e+02
6.945515305115599185e+05,4.207989687062189914e+06,6.408040771484375000e+02
6.951215305115599185e+05,4.207679687062189914e+06,4.982101440429687500e+02
6.746015305115599185e+05,4.207169687062189914e+06,6.823253173828125000e+02
6.740215305115599185e+05,4.206769687062189914e+06,4.081556396484375000e+02
6.753415305115599185e+05,4.207559687062189914e+06,9.670512695312500000e+02
6.750215305115599185e+05,4.207029687062189914e+06,7.342730102539062500e+02
6.968715305115599185e+05,4.208959687062189914e+06,4.019091186523437500e+02
6.971415305115599185e+05,4.209009687062189914e+06,3.566781311035156250e+02
6.717915305115599185e+05,4.207379687062189914e+06,2.780447998046875000e+02
6.716515305115599185e+05,4.207039687062189914e+06,1.763901977539062500e+02
6.757015305115599185e+05,4.208529687062189914e+06,8.682481079101562500e+02
6.758315305115599185e+05,4.210069687062189914e+06,6.184754638671875000e+02
6.755015305115599185e+05,4.210659687062189914e+06,5.025247192382812500e+02
6.702815305115599185e+05,4.208859687062189914e+06,2.384731750488281250e+02
6.702715305115599185e+05,4.208679687062189914e+06,2.169397125244140625e+02
6.700715305115599185e+05,4.208529687062189914e+06,1.734314575195312500e+02
6.697415305115599185e+05,4.208409687062189914e+06,9.488649749755859375e+01
6.745015305115599185e+05,4.209059687062189914e+06,8.926458740234375000e+02
6.745215305115599185e+05,4.209129687062189914e+06,8.491115112304687500e+02
6.745615305115599185e+05,4.209409687062189914e+06,6.757620239257812500e+02
6.707415305115599185e+05,4.208169687062189914e+06,2.828485412597656250e+02
6.705415305115599185e+05,4.207909687062189914e+06,2.068381958007812500e+02
6.704815305115599185e+05,4.207759687062189914e+06,1.328391265869140625e+02
6.772215305115599185e+05,4.208699687062189914e+06,6.476001586914062500e+02
6.774315305115599185e+05,4.208299687062189914e+06,5.984251098632812500e+02
6.926715305115599185e+05,4.209769687062189914e+06,6.604971923828125000e+02
6.928315305115599185e+05,4.210639687062189914e+06,5.297974243164062500e+02
6.928515305115599185e+05,4.210849687062189914e+06,4.634192504882812500e+02
6.929415305115599185e+05,4.211179687062189914e+06,3.467741088867187500e+02
6.736415305115599185e+05,4.209079687062189914e+06,8.316235351562500000e+02
6.735315305115599185e+05,4.209429687062189914e+06,6.053327636718750000e+02
6.910015305115599185e+05,4.210619687062189914e+06,6.641886596679687500e+02
6.910915305115599185e+05,4.210809687062189914e+06,5.970518798828125000e+02
6.912315305115599185e+05,4.211249687062189914e+06,4.203583984375000000e+02
6.913615305115599185e+05,4.211679687062189914e+06,3.195871276855468750e+02
6.915415305115599185e+05,4.212099687062189914e+06,2.021949157714843750e+02
6.694715305115599185e+05,4.210819687062189914e+06,2.016869354248046875e+02
6.682315305115599185e+05,4.210759687062189914e+06,1.083728713989257812e+02
6.774315305115599185e+05,4.210399687062189914e+06,6.761658935546875000e+02
6.773315305115599185e+05,4.210829687062189914e+06,4.581427612304687500e+02
6.776215305115599185e+05,4.211199687062189914e+06,3.822490844726562500e+02
6.777415305115599185e+05,4.211359687062189914e+06,3.359848937988281250e+02
6.777315305115599185e+05,4.211519687062189914e+06,2.689199829101562500e+02
6.776915305115599185e+05,4.211809687062189914e+06,1.597388305664062500e+02
6.776815305115599185e+05,4.211899687062189914e+06,1.249649124145507812e+02
6.770415305115599185e+05,4.210219687062189914e+06,6.982439575195312500e+02
6.769115305115599185e+05,4.210839687062189914e+06,4.709999084472656250e+02
6.904915305115599185e+05,4.210419687062189914e+06,7.559811401367187500e+02
6.908615305115599185e+05,4.211919687062189914e+06,2.921407470703125000e+02
6.916215305115599185e+05,4.210709687062189914e+06,6.214750366210937500e+02
6.916015305115599185e+05,4.211589687062189914e+06,3.445949401855468750e+02
6.866215305115599185e+05,4.211569687062189914e+06,8.643406982421875000e+02
6.865715305115599185e+05,4.211749687062189914e+06,7.603724365234375000e+02
6.869015305115599185e+05,4.212679687062189914e+06,4.236427917480468750e+02
6.861015305115599185e+05,4.214569687062189914e+06,1.794366760253906250e+02
6.860515305115599185e+05,4.214619687062189914e+06,1.309322052001953125e+02
6.880315305115599185e+05,4.211309687062189914e+06,9.078043823242187500e+02
6.878115305115599185e+05,4.211489687062189914e+06,8.482891845703125000e+02
6.879115305115599185e+05,4.213319687062189914e+06,3.656879882812500000e+02
6.881115305115599185e+05,4.213959687062189914e+06,1.940955963134765625e+02
6.932315305115599185e+05,4.210899687062189914e+06,4.731156005859375000e+02
6.931115305115599185e+05,4.211279687062189914e+06,3.214913635253906250e+02
6.790215305115599185e+05,4.211109687062189914e+06,7.171738891601562500e+02
6.790215305115599185e+05,4.211179687062189914e+06,6.754954833984375000e+02
6.788415305115599185e+05,4.212139687062189914e+06,3.410369262695312500e+02
6.788615305115599185e+05,4.212189687062189914e+06,3.089086608886718750e+02
6.934615305115599185e+05,4.211059687062189914e+06,4.375326843261718750e+02
6.933615305115599185e+05,4.211529687062189914e+06,2.567049560546875000e+02
6.793115305115599185e+05,4.212169687062189914e+06,3.786230468750000000e+02
6.792715305115599185e+05,4.212219687062189914e+06,3.470902709960937500e+02
6.792515305115599185e+05,4.212369687062189914e+06,2.251763458251953125e+02
6.750315305115599185e+05,4.211289687062189914e+06,5.520558471679687500e+02
6.753615305115599185e+05,4.211959687062189914e+06,3.687657775878906250e+02
6.756315305115599185e+05,4.211949687062189914e+06,3.363150024414062500e+02
6.768615305115599185e+05,4.212139687062189914e+06,1.545525360107421875e+02
6.801615305115599185e+05,4.211349687062189914e+06,6.848345336914062500e+02
6.799515305115599185e+05,4.211639687062189914e+06,5.360924072265625000e+02
6.796315305115599185e+05,4.212269687062189914e+06,3.091706237792968750e+02
6.760415305115599185e+05,4.211609687062189914e+06,5.230723266601562500e+02
6.763415305115599185e+05,4.212139687062189914e+06,2.209612121582031250e+02
6.766715305115599185e+05,4.210929687062189914e+06,5.090049133300781250e+02
6.768715305115599185e+05,4.210839687062189914e+06,4.796868896484375000e+02
6.773615305115599185e+05,4.211279687062189914e+06,4.498432922363281250e+02
6.775515305115599185e+05,4.211339687062189914e+06,3.855627746582031250e+02
6.835415305115599185e+05,4.212209687062189914e+06,5.038038330078125000e+02
6.831815305115599185e+05,4.213039687062189914e+06,2.264990539550781250e+02
6.783815305115599185e+05,4.211599687062189914e+06,4.246424255371093750e+02
6.778415305115599185e+05,4.211889687062189914e+06,1.669564361572265625e+02
6.890315305115599185e+05,4.212139687062189914e+06,5.005731506347656250e+02
6.893015305115599185e+05,4.212919687062189914e+06,2.807492370605468750e+02
6.894815305115599185e+05,4.212559687062189914e+06,3.319540405273437500e+02
6.895315305115599185e+05,4.212889687062189914e+06,2.715228576660156250e+02
6.812015305115599185e+05,4.212459687062189914e+06,4.791562194824218750e+02
6.809515305115599185e+05,4.213209687062189914e+06,2.338708496093750000e+02
6.885615305115599185e+05,4.212379687062189914e+06,4.552275695800781250e+02
6.886015305115599185e+05,4.212449687062189914e+06,4.324846801757812500e+02
6.892715305115599185e+05,4.212959687062189914e+06,2.797351379394531250e+02
6.886315305115599185e+05,4.212879687062189914e+06,3.631667785644531250e+02
6.889415305115599185e+05,4.214139687062189914e+06,1.237451553344726562e+02
6.712815305115599185e+05,4.211839687062189914e+06,4.219804687500000000e+02
6.711415305115599185e+05,4.211619687062189914e+06,3.742951049804687500e+02
6.709015305115599185e+05,4.211689687062189914e+06,3.869906921386718750e+02
6.708215305115599185e+05,4.211569687062189914e+06,3.518221435546875000e+02
6.813715305115599185e+05,4.213059687062189914e+06,3.026616516113281250e+02
6.811415305115599185e+05,4.213439687062189914e+06,1.562103271484375000e+02
6.722315305115599185e+05,4.212919687062189914e+06,3.125046691894531250e+02
6.720815305115599185e+05,4.213199687062189914e+06,2.434392395019531250e+02
6.702515305115599185e+05,4.214879687062189914e+06,3.073776435852050781e+01
6.674315305115599185e+05,4.213159687062189914e+06,1.656916046142578125e+02
6.673315305115599185e+05,4.213369687062189914e+06,1.109816665649414062e+02
6.738215305115599185e+05,4.213889687062189914e+06,4.825888977050781250e+02
6.737215305115599185e+05,4.214229687062189914e+06,3.085601806640625000e+02
7.084815305115599185e+05,4.212649687062189914e+06,2.582308349609375000e+02
7.083215305115599185e+05,4.212029687062189914e+06,1.305748443603515625e+02
6.869315305115599185e+05,4.214509687062189914e+06,2.244000549316406250e+02
6.869715305115599185e+05,4.214619687062189914e+06,1.833294830322265625e+02
6.707115305115599185e+05,4.215989687062189914e+06,8.167604827880859375e+01
6.706915305115599185e+05,4.216039687062189914e+06,6.290820312500000000e+01
6.944715305115599185e+05,4.218499687062189914e+06,2.832970581054687500e+02
6.943115305115599185e+05,4.218989687062189914e+06,1.215621566772460938e+02
7.024015305115599185e+05,4.217719687062189914e+06,5.726254882812500000e+02
7.022815305115599185e+05,4.217529687062189914e+06,4.613460388183593750e+02
7.019915305115599185e+05,4.217849687062189914e+06,6.035490722656250000e+02
7.020515305115599185e+05,4.217549687062189914e+06,4.900663452148437500e+02
6.954915305115599185e+05,4.218869687062189914e+06,4.368871765136718750e+02
6.950215305115599185e+05,4.219739687062189914e+06,4.352620697021484375e+01
7.023815305115599185e+05,4.218179687062189914e+06,6.420731201171875000e+02
7.023315305115599185e+05,4.217769687062189914e+06,5.933758544921875000e+02
6.991415305115599185e+05,4.218959687062189914e+06,4.473933410644531250e+02
6.992315305115599185e+05,4.218549687062189914e+06,4.136921081542968750e+02
6.996115305115599185e+05,4.218899687062189914e+06,5.852004394531250000e+02
6.991715305115599185e+05,4.218979687062189914e+06,4.549746093750000000e+02
7.020015305115599185e+05,4.219139687062189914e+06,7.064160156250000000e+02
7.031015305115599185e+05,4.218469687062189914e+06,6.217387084960937500e+02
7.030415305115599185e+05,4.218009687062189914e+06,5.868681030273437500e+02
7.030515305115599185e+05,4.217909687062189914e+06,5.730374145507812500e+02
7.030915305115599185e+05,4.217499687062189914e+06,4.145107421875000000e+02
6.966615305115599185e+05,4.219399687062189914e+06,3.875417785644531250e+02
6.965315305115599185e+05,4.219409687062189914e+06,3.646443481445312500e+02
6.987215305115599185e+05,4.224169687062189914e+06,3.747615356445312500e+02
6.966415305115599185e+05,4.224009687062189914e+06,2.162297363281250000e+02
6.963715305115599185e+05,4.224029687062189914e+06,1.779833984375000000e+02
6.960615305115599185e+05,4.223599687062189914e+06,2.439735107421875000e+02
6.960615305115599185e+05,4.223899687062189914e+06,1.475191650390625000e+02
